-- mysqldump-php https://github.com/ifsnop/mysqldump-php
--
-- Host: 0.0.0.0	Database: docker
-- ------------------------------------------------------
-- Server version 	5.6.48
-- Date: Wed, 13 May 2020 13:50:31 +0000

/*!40101 SET @OLD_CHARACTER_SET_CLIENT=@@CHARACTER_SET_CLIENT */;
/*!40101 SET @OLD_CHARACTER_SET_RESULTS=@@CHARACTER_SET_RESULTS */;
/*!40101 SET @OLD_COLLATION_CONNECTION=@@COLLATION_CONNECTION */;
/*!40101 SET NAMES utf8 */;
/*!40103 SET @OLD_TIME_ZONE=@@TIME_ZONE */;
/*!40103 SET TIME_ZONE='+00:00' */;
/*!40014 SET @OLD_UNIQUE_CHECKS=@@UNIQUE_CHECKS, UNIQUE_CHECKS=0 */;
/*!40014 SET @OLD_FOREIGN_KEY_CHECKS=@@FOREIGN_KEY_CHECKS, FOREIGN_KEY_CHECKS=0 */;
/*!40101 SET @OLD_SQL_MODE=@@SQL_MODE, SQL_MODE='NO_AUTO_VALUE_ON_ZERO' */;
/*!40111 SET @OLD_SQL_NOTES=@@SQL_NOTES, SQL_NOTES=0 */;

--
-- Dumping data for table `customer_address_entity`
--

LOCK TABLES `customer_address_entity` WRITE;
/*!40000 ALTER TABLE `customer_address_entity` DISABLE KEYS */;
SET autocommit=0;
INSERT INTO `customer_address_entity` VALUES (64614,NULL,44761359,'2016-02-25 03:52:09','2020-01-31 14:15:40',1,'Bury St. Edmunds','Pride hair design','GB',NULL,'Cirsty','Richardson',NULL,'IP31 1AR',NULL,'Suffolk',0,'Water Meadows, Low Street\nBardwell',NULL,'07530229176',NULL,NULL,NULL,NULL,NULL),(155299,NULL,44761359,'2016-06-26 11:31:11','2020-01-31 14:15:40',1,'Bury St. Edmunds','Pride hair design','GB',NULL,'Cirsty','Richardson',NULL,'IP31 1AR',NULL,'Suffolk',0,'Water Meadows, Low Street',NULL,'07530229176',NULL,NULL,NULL,NULL,NULL),(175913,NULL,44761359,'2016-09-04 18:08:39','2020-01-31 14:15:40',1,'Bury St. Edmunds','Cirsty Richardson','GB',NULL,'Cirsty','Richardson',NULL,'IP31 1AR',NULL,'Suffolk',1,'Water Meadows\nLow Street, Bardwell',NULL,'07530229176',NULL,NULL,NULL,NULL,NULL),(183727,NULL,44761359,'2016-09-05 01:25:20','2020-01-31 14:15:40',1,'Bury St. Edmunds','Cirsty Richardson','GB',NULL,'Cirsty','Richardson',NULL,'IP31 1AR',NULL,'Suffolk',1,'Water Meadows\nLow Street, Bardwell',NULL,'07530229176',NULL,NULL,NULL,NULL,NULL),(188816,NULL,44761359,'2016-09-05 03:58:55','2020-01-31 14:15:40',1,'Bury St. Edmunds','Cirsty Richardson','GB',NULL,'Cirsty','Richardson',NULL,'IP31 1AR',NULL,'Suffolk',1,'Water Meadows\nLow Street, Bardwell',NULL,'07530229176',NULL,NULL,NULL,NULL,NULL),(189386,NULL,44761359,'2016-09-05 04:17:17','2020-01-31 14:15:40',1,'Bury St. Edmunds','Cirsty Richardson','GB',NULL,'Cirsty','Richardson',NULL,'IP31 1AR',NULL,'Suffolk',1,'Water Meadows\nLow Street, Bardwell',NULL,'07530229176',NULL,NULL,NULL,NULL,NULL),(190903,NULL,44761359,'2016-09-05 05:41:39','2020-01-31 14:15:40',1,'Bury St. Edmunds','Cirsty Richardson','GB',NULL,'Cirsty','Richardson',NULL,'IP31 1AR',NULL,'Suffolk',1,'Water Meadows\nLow Street, Bardwell',NULL,'07530229176',NULL,NULL,NULL,NULL,NULL),(192685,NULL,44761359,'2016-09-05 16:51:07','2020-01-31 14:15:40',1,'Bury St. Edmunds','Cirsty Richardson','GB',NULL,'Cirsty','Richardson',NULL,'IP31 1AR',NULL,'Suffolk',1,'Water Meadows\nLow Street, Bardwell',NULL,'07530229176',NULL,NULL,NULL,NULL,NULL),(209185,NULL,44761359,'2016-09-07 03:48:16','2020-01-31 14:15:40',1,'Bury St. Edmunds','Cirsty Richardson','GB',NULL,'Cirsty','Richardson',NULL,'IP31 1AR',NULL,'Suffolk',1,'Water Meadows\nLow Street, Bardwell',NULL,'07530229176',NULL,NULL,NULL,NULL,NULL),(213732,NULL,44761359,'2016-09-07 10:34:06','2020-01-31 14:15:40',1,'Bury St. Edmunds','Cirsty Richardson','GB',NULL,'Cirsty','Richardson',NULL,'IP31 1AR',NULL,'Suffolk',1,'Water Meadows\nLow Street, Bardwell',NULL,'07530229176',NULL,NULL,NULL,NULL,NULL),(229571,NULL,44761359,'2016-09-08 01:27:48','2020-01-31 14:15:40',1,'Bury St. Edmunds','Cirsty Richardson','GB',NULL,'Cirsty','Richardson',NULL,'IP31 1AR',NULL,'Suffolk',1,'Water Meadows\nLow Street, Bardwell',NULL,'07530229176',NULL,NULL,NULL,NULL,NULL),(234651,NULL,44761359,'2016-09-08 03:56:42','2020-01-31 14:15:40',1,'Bury St. Edmunds','Cirsty Richardson','GB',NULL,'Cirsty','Richardson',NULL,'IP31 1AR',NULL,'Suffolk',1,'Water Meadows\nLow Street, Bardwell',NULL,'07530229176',NULL,NULL,NULL,NULL,NULL),(235644,NULL,44761359,'2016-09-08 04:53:01','2020-01-31 14:15:40',1,'Bury St. Edmunds','Cirsty Richardson','GB',NULL,'Cirsty','Richardson',NULL,'IP31 1AR',NULL,'Suffolk',1,'Water Meadows\nLow Street, Bardwell',NULL,'07530229176',NULL,NULL,NULL,NULL,NULL),(236353,NULL,44761359,'2016-09-08 05:29:57','2020-01-31 14:15:40',1,'Bury St. Edmunds','Cirsty Richardson','GB',NULL,'Cirsty','Richardson',NULL,'IP31 1AR',NULL,'Suffolk',1,'Water Meadows\nLow Street, Bardwell',NULL,'07530229176',NULL,NULL,NULL,NULL,NULL),(236809,NULL,44761359,'2016-09-08 05:43:53','2020-01-31 14:15:40',1,'Bury St. Edmunds','Cirsty Richardson','GB',NULL,'Cirsty','Richardson',NULL,'IP31 1AR',NULL,'Suffolk',1,'Water Meadows\nLow Street, Bardwell',NULL,'07530229176',NULL,NULL,NULL,NULL,NULL),(237330,NULL,44761359,'2016-09-08 06:00:25','2020-01-31 14:15:40',1,'Bury St. Edmunds','Cirsty Richardson','GB',NULL,'Cirsty','Richardson',NULL,'IP31 1AR',NULL,'Suffolk',1,'Water Meadows\nLow Street, Bardwell',NULL,'07530229176',NULL,NULL,NULL,NULL,NULL),(238084,NULL,44761359,'2016-09-08 07:28:38','2020-01-31 14:15:40',1,'Bury St. Edmunds','Cirsty Richardson','GB',NULL,'Cirsty','Richardson',NULL,'IP31 1AR',NULL,'Suffolk',1,'Water Meadows\nLow Street, Bardwell',NULL,'07530229176',NULL,NULL,NULL,NULL,NULL),(238543,NULL,44761359,'2016-09-08 08:28:44','2020-01-31 14:15:40',1,'Bury St. Edmunds','Cirsty Richardson','GB',NULL,'Cirsty','Richardson',NULL,'IP31 1AR',NULL,'Suffolk',1,'Water Meadows\nLow Street, Bardwell',NULL,'07530229176',NULL,NULL,NULL,NULL,NULL),(239980,NULL,44761359,'2016-09-08 09:59:49','2020-01-31 14:15:40',1,'Bury St. Edmunds','Cirsty Richardson','GB',NULL,'Cirsty','Richardson',NULL,'IP31 1AR',NULL,'Suffolk',1,'Water Meadows\nLow Street, Bardwell',NULL,'07530229176',NULL,NULL,NULL,NULL,NULL),(255432,NULL,44761359,'2016-09-08 22:41:43','2020-01-31 14:15:40',1,'Bury St. Edmunds','Cirsty Richardson','GB',NULL,'Cirsty','Richardson',NULL,'IP31 1AR',NULL,'Suffolk',1,'Water Meadows\nLow Street, Bardwell',NULL,'07530229176',NULL,NULL,NULL,NULL,NULL),(255898,NULL,44761359,'2016-09-08 23:08:07','2020-01-31 14:15:40',1,'Bury St. Edmunds','Cirsty Richardson','GB',NULL,'Cirsty','Richardson',NULL,'IP31 1AR',NULL,'Suffolk',1,'Water Meadows\nLow Street, Bardwell',NULL,'07530229176',NULL,NULL,NULL,NULL,NULL),(256268,NULL,44761359,'2016-09-08 23:27:43','2020-01-31 14:15:40',1,'Bury St. Edmunds','Cirsty Richardson','GB',NULL,'Cirsty','Richardson',NULL,'IP31 1AR',NULL,'Suffolk',1,'Water Meadows\nLow Street, Bardwell',NULL,'07530229176',NULL,NULL,NULL,NULL,NULL),(258683,NULL,44761359,'2016-09-09 01:15:32','2020-01-31 14:15:40',1,'Bury St. Edmunds','Cirsty Richardson','GB',NULL,'Cirsty','Richardson',NULL,'IP31 1AR',NULL,'Suffolk',1,'Water Meadows\nLow Street, Bardwell',NULL,'07530229176',NULL,NULL,NULL,NULL,NULL);
/*!40000 ALTER TABLE `customer_address_entity` ENABLE KEYS */;
UNLOCK TABLES;
COMMIT;

-- Dumped table `customer_address_entity` with 23 row(s)
--

--
-- Dumping data for table `customer_address_entity_datetime`
--

LOCK TABLES `customer_address_entity_datetime` WRITE;
/*!40000 ALTER TABLE `customer_address_entity_datetime` DISABLE KEYS */;
SET autocommit=0;
/*!40000 ALTER TABLE `customer_address_entity_datetime` ENABLE KEYS */;
UNLOCK TABLES;
COMMIT;

-- Dumped table `customer_address_entity_datetime` with 0 row(s)
--

--
-- Dumping data for table `customer_address_entity_decimal`
--

LOCK TABLES `customer_address_entity_decimal` WRITE;
/*!40000 ALTER TABLE `customer_address_entity_decimal` DISABLE KEYS */;
SET autocommit=0;
/*!40000 ALTER TABLE `customer_address_entity_decimal` ENABLE KEYS */;
UNLOCK TABLES;
COMMIT;

-- Dumped table `customer_address_entity_decimal` with 0 row(s)
--

--
-- Dumping data for table `customer_address_entity_int`
--

LOCK TABLES `customer_address_entity_int` WRITE;
/*!40000 ALTER TABLE `customer_address_entity_int` DISABLE KEYS */;
SET autocommit=0;
INSERT INTO `customer_address_entity_int` VALUES (923116,245,64614,1),(923117,245,155299,0),(923118,245,175913,0),(923119,245,183727,0),(923120,245,188816,0),(923121,245,189386,0),(923122,245,190903,0),(923123,245,192685,0),(923124,245,209185,0),(923125,245,213732,0),(923126,245,229571,0),(923127,245,234651,0),(923128,245,235644,0),(923129,245,236353,0),(923130,245,236809,0),(923131,245,237330,0),(923132,245,238084,0),(923133,245,238543,0),(923134,245,239980,0),(923135,245,255432,0),(923136,245,255898,0),(923137,245,256268,0),(923138,245,258683,0);
/*!40000 ALTER TABLE `customer_address_entity_int` ENABLE KEYS */;
UNLOCK TABLES;
COMMIT;

-- Dumped table `customer_address_entity_int` with 23 row(s)
--

--
-- Dumping data for table `customer_address_entity_text`
--

LOCK TABLES `customer_address_entity_text` WRITE;
/*!40000 ALTER TABLE `customer_address_entity_text` DISABLE KEYS */;
SET autocommit=0;
/*!40000 ALTER TABLE `customer_address_entity_text` ENABLE KEYS */;
UNLOCK TABLES;
COMMIT;

-- Dumped table `customer_address_entity_text` with 0 row(s)
--

--
-- Dumping data for table `customer_address_entity_varchar`
--

LOCK TABLES `customer_address_entity_varchar` WRITE;
/*!40000 ALTER TABLE `customer_address_entity_varchar` DISABLE KEYS */;
SET autocommit=0;
/*!40000 ALTER TABLE `customer_address_entity_varchar` ENABLE KEYS */;
UNLOCK TABLES;
COMMIT;

-- Dumped table `customer_address_entity_varchar` with 0 row(s)
--

--
-- Dumping data for table `customer_entity`
--

LOCK TABLES `customer_entity` WRITE;
/*!40000 ALTER TABLE `customer_entity` DISABLE KEYS */;
SET autocommit=0;
INSERT INTO `customer_entity` VALUES (44761359,1,'cirsty.kidd@hotmail.com',1,NULL,1,'2016-02-19 13:37:10','2020-05-12 11:53:35',1,0,'Admin',NULL,'Cirsty',' ','Richardson',NULL,NULL,'7c16a77e0de4d782d91ed98040b11ba6837cd56393f79fb9d16e9c4bbecdc55a:1o9K3huMVSKeD4BqUBKKxBl1xfC0am6P:1',NULL,NULL,64614,64614,NULL,NULL,1,0,NULL,NULL);
/*!40000 ALTER TABLE `customer_entity` ENABLE KEYS */;
UNLOCK TABLES;
COMMIT;

-- Dumped table `customer_entity` with 1 row(s)
--

--
-- Dumping data for table `customer_entity_datetime`
--

LOCK TABLES `customer_entity_datetime` WRITE;
/*!40000 ALTER TABLE `customer_entity_datetime` DISABLE KEYS */;
SET autocommit=0;
/*!40000 ALTER TABLE `customer_entity_datetime` ENABLE KEYS */;
UNLOCK TABLES;
COMMIT;

-- Dumped table `customer_entity_datetime` with 0 row(s)
--

--
-- Dumping data for table `customer_entity_decimal`
--

LOCK TABLES `customer_entity_decimal` WRITE;
/*!40000 ALTER TABLE `customer_entity_decimal` DISABLE KEYS */;
SET autocommit=0;
/*!40000 ALTER TABLE `customer_entity_decimal` ENABLE KEYS */;
UNLOCK TABLES;
COMMIT;

-- Dumped table `customer_entity_decimal` with 0 row(s)
--

--
-- Dumping data for table `customer_entity_int`
--

LOCK TABLES `customer_entity_int` WRITE;
/*!40000 ALTER TABLE `customer_entity_int` DISABLE KEYS */;
SET autocommit=0;
INSERT INTO `customer_entity_int` VALUES (3126985,223,44761359,0),(3126986,545,44761359,0),(3126987,546,44761359,0),(2827929,547,44761359,1),(3126984,549,44761359,1);
/*!40000 ALTER TABLE `customer_entity_int` ENABLE KEYS */;
UNLOCK TABLES;
COMMIT;

-- Dumped table `customer_entity_int` with 5 row(s)
--

--
-- Dumping data for table `customer_entity_text`
--

LOCK TABLES `customer_entity_text` WRITE;
/*!40000 ALTER TABLE `customer_entity_text` DISABLE KEYS */;
SET autocommit=0;
INSERT INTO `customer_entity_text` VALUES (5225,190,44761359,'72'),(525030,258,44761359,'8942'),(1603893,192,44761359,'0'),(1603894,191,44761359,'73'),(1603895,193,44761359,'0'),(1603896,194,44761359,'0');
/*!40000 ALTER TABLE `customer_entity_text` ENABLE KEYS */;
UNLOCK TABLES;
COMMIT;

-- Dumped table `customer_entity_text` with 6 row(s)
--

--
-- Dumping data for table `customer_entity_varchar`
--

LOCK TABLES `customer_entity_varchar` WRITE;
/*!40000 ALTER TABLE `customer_entity_varchar` DISABLE KEYS */;
SET autocommit=0;
INSERT INTO `customer_entity_varchar` VALUES (433621,227,44761359,'0.01'),(3310732,261,44761359,'CT0137182'),(14077628,268,44761359,'2'),(16008757,271,44761359,'NAV'),(16008758,272,44761359,'31/01/20 14:15');
/*!40000 ALTER TABLE `customer_entity_varchar` ENABLE KEYS */;
UNLOCK TABLES;
COMMIT;

-- Dumped table `customer_entity_varchar` with 5 row(s)
--

/*!40103 SET TIME_ZONE=@OLD_TIME_ZONE */;
/*!40101 SET SQL_MODE=@OLD_SQL_MODE */;
/*!40014 SET FOREIGN_KEY_CHECKS=@OLD_FOREIGN_KEY_CHECKS */;
/*!40014 SET UNIQUE_CHECKS=@OLD_UNIQUE_CHECKS */;
/*!40101 SET CHARACTER_SET_CLIENT=@OLD_CHARACTER_SET_CLIENT */;
/*!40101 SET CHARACTER_SET_RESULTS=@OLD_CHARACTER_SET_RESULTS */;
/*!40101 SET COLLATION_CONNECTION=@OLD_COLLATION_CONNECTION */;
/*!40111 SET SQL_NOTES=@OLD_SQL_NOTES */;

-- Dump completed on: Wed, 13 May 2020 13:50:31 +0000
